{
    "epoch": 6.0,
    "eval_accuracy": 0.2276785671710968,
    "eval_loss": 2.7137222290039062,
    "eval_runtime": 0.9263,
    "eval_samples": 482,
    "eval_samples_per_second": 520.364,
    "eval_steps_per_second": 8.637
}