{
    "epoch": 10.0,
    "eval_accuracy": 0.1380208283662796,
    "eval_loss": 4.615835189819336,
    "eval_runtime": 2.3545,
    "eval_samples": 1213,
    "eval_samples_per_second": 515.185,
    "eval_steps_per_second": 8.07
}