{
    "epoch": 4.0,
    "eval_accuracy": 0.1137152761220932,
    "eval_loss": 2.5411548614501953,
    "eval_runtime": 2.3719,
    "eval_samples": 1213,
    "eval_samples_per_second": 511.394,
    "eval_steps_per_second": 8.01
}