{
    "epoch": 8.0,
    "eval_accuracy": 0.6614583134651184,
    "eval_loss": 1.3071519136428833,
    "eval_runtime": 0.3949,
    "eval_samples": 201,
    "eval_samples_per_second": 508.968,
    "eval_steps_per_second": 10.129
}