{
    "epoch": 10.0,
    "eval_accuracy": 0.4010416567325592,
    "eval_loss": 2.1058907508850098,
    "eval_runtime": 0.3977,
    "eval_samples": 201,
    "eval_samples_per_second": 505.371,
    "eval_steps_per_second": 10.057
}