{
    "epoch": 5.0,
    "eval_accuracy": 0.4722222089767456,
    "eval_loss": 2.2528762817382812,
    "eval_runtime": 3.5513,
    "eval_samples": 1777,
    "eval_samples_per_second": 500.377,
    "eval_steps_per_second": 7.884
}