{
    "epoch": 5.0,
    "eval_accuracy": 0.5063657164573669,
    "eval_loss": 2.494641065597534,
    "eval_runtime": 3.5684,
    "eval_samples": 1777,
    "eval_samples_per_second": 497.98,
    "eval_steps_per_second": 7.847
}