{
    "epoch": 5.0,
    "eval_accuracy": 0.4166666567325592,
    "eval_loss": 2.1220169067382812,
    "eval_runtime": 3.5905,
    "eval_samples": 1777,
    "eval_samples_per_second": 494.923,
    "eval_steps_per_second": 7.798
}