{
    "epoch": 10.0,
    "eval_accuracy": 0.4791666567325592,
    "eval_loss": 1.7773481607437134,
    "eval_runtime": 0.3905,
    "eval_samples": 201,
    "eval_samples_per_second": 514.783,
    "eval_steps_per_second": 10.244
}