{
    "epoch": 5.0,
    "eval_accuracy": 0.2455357164144516,
    "eval_loss": 2.176609992980957,
    "eval_runtime": 0.9197,
    "eval_samples": 482,
    "eval_samples_per_second": 524.109,
    "eval_steps_per_second": 8.699
}