{
  "steps": 23295,
  "ref_tokens": 500005039,
  "consumed_per_lang": {
    "eng": 166704226,
    "nld": 166651832,
    "zho": 166648981
  },
  "epochs_per_lang": {
    "eng": 2.1325306710132517,
    "nld": 4.2901205851727084,
    "zho": 3.3538527923928476
  },
  "wallclock_seconds": 30991.829294919968
}