{
    "epoch": 10.0,
    "eval_accuracy": 0.6302083134651184,
    "eval_loss": 1.431735634803772,
    "eval_runtime": 0.3968,
    "eval_samples": 201,
    "eval_samples_per_second": 506.553,
    "eval_steps_per_second": 10.081
}