{
    "epoch": 5.0,
    "eval_accuracy": 0.41229838132858276,
    "eval_loss": 2.7479400634765625,
    "eval_runtime": 4.0685,
    "eval_samples": 2000,
    "eval_samples_per_second": 491.584,
    "eval_steps_per_second": 7.865
}