{
    "epoch": 6.0,
    "eval_accuracy": 0.265625,
    "eval_loss": 1.6197164058685303,
    "eval_runtime": 0.1338,
    "eval_samples": 117,
    "eval_samples_per_second": 874.528,
    "eval_steps_per_second": 14.949
}