{
    "epoch": 10.0,
    "eval_accuracy": 0.1380208283662796,
    "eval_loss": 4.447061538696289,
    "eval_runtime": 2.3952,
    "eval_samples": 1213,
    "eval_samples_per_second": 506.432,
    "eval_steps_per_second": 7.933
}