{
    "epoch": 4.0,
    "eval_accuracy": 0.359375,
    "eval_loss": 1.4231737852096558,
    "eval_runtime": 0.133,
    "eval_samples": 116,
    "eval_samples_per_second": 872.434,
    "eval_steps_per_second": 15.042
}