{
    "epoch": 7.0,
    "eval_accuracy": 0.7239583134651184,
    "eval_loss": 1.0663889646530151,
    "eval_runtime": 0.3951,
    "eval_samples": 201,
    "eval_samples_per_second": 508.707,
    "eval_steps_per_second": 10.124
}