{
    "epoch": 8.0,
    "eval_accuracy": 0.203125,
    "eval_loss": 2.7145674228668213,
    "eval_runtime": 0.263,
    "eval_samples": 180,
    "eval_samples_per_second": 684.358,
    "eval_steps_per_second": 11.406
}