{
    "epoch": 4.0,
    "eval_accuracy": 0.2388392835855484,
    "eval_loss": 1.5936992168426514,
    "eval_runtime": 0.9139,
    "eval_samples": 482,
    "eval_samples_per_second": 527.425,
    "eval_steps_per_second": 8.754
}