{
    "epoch": 4.0,
    "eval_accuracy": 0.2265625,
    "eval_loss": 1.8420430421829224,
    "eval_runtime": 0.2633,
    "eval_samples": 180,
    "eval_samples_per_second": 683.662,
    "eval_steps_per_second": 11.394
}